baseline,date,portfolio_value,daily_returns,turnover,weight_spy,weight_cash,reward
sac_profit_only,2020-01-02,10000.0,0.0,0.0,0.0,1.0,0.0
sac_profit_only,2020-01-03,9914.353387491616,-0.008564661250838435,1.0,1.0,0.0,-0.008601548732211452
sac_profit_only,2020-01-06,9952.177162965203,0.0038150521769082513,0.0,1.0,0.0,0.00380779332143604
sac_profit_only,2020-01-07,9924.193856654649,-0.0028117773480448305,0.0,1.0,0.0,-0.002815737819690788
sac_profit_only,2020-01-08,9977.085205357462,0.005329536027487647,0.0,1.0,0.0,0.005315384309479369
sac_profit_only,2020-01-09,10044.736319366033,0.006780649119067839,0.0,1.0,0.0,0.006757763910630538
sac_profit_only,2020-01-10,10015.830527723869,-0.002877705369570993,0.0,1.0,0.0,-0.0028818539244586834
sac_profit_only,2020-01-13,10084.712873426308,0.006877347366428754,0.0,1.0,0.0,0.006853806284860935
sac_profit_only,2020-01-14,10069.337492273617,-0.0015246225991427664,0.0,1.0,0.0,-0.001525786018845352
sac_profit_only,2020-01-15,10092.092756079188,0.0022598570981489097,0.0,1.0,0.0,0.0022573074615838975
sac_profit_only,2020-01-16,10176.04267501085,0.008318385587676502,0.0,1.0,0.0,0.008283978494246641
sac_profit_only,2020-01-17,10207.715922647845,0.0031125309364881115,0.0,1.0,0.0,0.0031076970399105484
sac_profit_only,2020-01-21,10187.727176398314,-0.001958199699227836,0.0,1.0,0.0,-0.001960119478876216
sac_profit_only,2020-01-22,10188.957469653391,0.00012076228915192111,0.0,1.0,0.0,0.00012075499797367417
sac_profit_only,2020-01-23,10200.642909479642,0.0011468729613461903,0.0,1.0,0.0,0.001146215804953398
sac_profit_only,2020-01-24,10109.927785303242,-0.008893079091328415,0.0,1.0,0.0,-0.008932858535968936
sac_profit_only,2020-01-27,9947.87160579183,-0.016029410194896898,0.0,1.0,0.0,-0.016159270785999106
sac_profit_only,2020-01-28,10052.117140457702,0.010479179747874712,0.0,1.0,0.0,0.01042465373821599
sac_profit_only,2020-01-29,10043.813834034421,-0.0008260256329346571,0.0,1.0,0.0,-0.0008263669800950709
sac_profit_only,2020-01-30,10076.409567003026,0.003245354156022895,0.0,1.0,0.0,0.0032400993602699547
sac_profit_only,2020-01-31,9893.443094349263,-0.018157903510881424,0.0,1.0,0.0,-0.018324781429623113
sac_profit_only,2020-02-03,9966.93692827096,0.0074285396116215985,0.0,1.0,0.0,0.007401083897971815
sac_profit_only,2020-02-04,10118.84576913466,0.015241276427947925,0.0,1.0,0.0,0.015126295011474165
sac_profit_only,2020-02-05,10235.698290519606,0.011548008938072618,0.0,1.0,0.0,0.011481839611606611
sac_profit_only,2020-02-06,10270.13993259022,0.0033648551464744436,0.0,1.0,0.0,0.003359206688677661
sac_profit_only,2020-02-07,10215.403613224189,-0.005329656628371371,0.0,1.0,0.0,-0.005343909914229331
sac_profit_only,2020-02-10,10291.664903140716,0.007465323231850007,0.0,1.0,0.0,0.007437595617929694
sac_profit_only,2020-02-11,10309.500870803562,0.001733049786473595,0.0,1.0,0.0,0.0017315497884897969
sac_profit_only,2020-02-12,10375.922629995846,0.006442771577855,0.0,1.0,0.0,0.006422105641496987
sac_profit_only,2020-02-13,10364.851867577736,-0.0010669665544831286,0.0,1.0,0.0,-0.0010675361685061084
sac_profit_only,2020-02-14,10381.457541985506,0.0016021140118476218,0.0,1.0,0.0,0.001600831996301532
sac_profit_only,2020-02-18,10354.704528930028,-0.0025769997081124263,0.0,1.0,0.0,-0.0025803258874645633
sac_profit_only,2020-02-19,10404.212805791078,0.00478123511131856,0.0,1.0,0.0,0.004769841309919101
sac_profit_only,2020-02-20,10361.469734174765,-0.004108246574168639,0.0,1.0,0.0,-0.0041167086031452735
sac_profit_only,2020-02-21,10254.76455143753,-0.010298267087080704,0.0,1.0,0.0,-0.010351661133344124
sac_profit_only,2020-02-24,9914.661195415083,-0.03316539880720826,0.0,1.0,0.0,-0.03372784139233276
sac_profit_only,2020-02-25,9614.225647090652,-0.030302149756096908,0.0,1.0,0.0,-0.030770750603140915
sac_profit_only,2020-02-26,9578.862458127218,-0.0036782149973914047,0.0,1.0,0.0,-0.0036849962639194165
sac_profit_only,2020-02-27,9148.659593775305,-0.044911686145666097,0.0,1.0,0.0,-0.04595146753683802
sac_profit_only,2020-02-28,9110.221140893575,-0.004201539306138757,0.0,1.0,0.0,-0.004210390573741874
sac_profit_only,2020-03-02,9504.753008358588,0.043306508301324875,0.0,1.0,0.0,0.04239500466012263
sac_profit_only,2020-03-03,9232.608574268179,-0.028632457240191478,0.0,1.0,0.0,-0.029050362476348037
sac_profit_only,2020-03-04,9620.683044411924,0.04203302533861675,0.0,1.0,0.0,0.04117363701185871
sac_profit_only,2020-03-05,9300.875304123685,-0.033241687602835635,0.0,1.0,0.0,-0.03380675024137826
sac_profit_only,2020-03-06,9147.121492596763,-0.016531112018967953,0.0,1.0,0.0,-0.016669275633020057
sac_profit_only,2020-03-09,8432.78188484351,-0.07809447030209493,0.0,1.0,0.0,-0.08131252304186744
sac_profit_only,2020-03-10,8869.135277032019,0.05174489250964487,0.0,1.0,0.0,0.050450587293811376
sac_profit_only,2020-03-11,8436.778695654628,-0.04874844817138424,0.0,1.0,0.0,-0.0499767384502888
sac_profit_only,2020-03-12,7629.5716543576855,-0.09567716191402476,0.0,1.0,0.0,-0.100568860566243
sac_profit_only,2020-03-13,8281.795529311421,0.08548630309818406,0.0,1.0,0.0,0.08202809219873292
sac_profit_only,2020-03-16,7375.570526634192,-0.10942373540494499,0.0,1.0,0.0,-0.11588653747701548
sac_profit_only,2020-03-17,7773.792804645041,0.05399206428476466,0.0,1.0,0.0,0.05258492094923695
sac_profit_only,2020-03-18,7380.182953292242,-0.05063292285299992,0.0,1.0,0.0,-0.051959751002537705
sac_profit_only,2020-03-19,7395.865673149007,0.002124977111816584,0.0,1.0,0.0,0.0021227225413292194
sac_profit_only,2020-03-20,7035.774509315816,-0.048688169816349824,0.0,1.0,0.0,-0.04991337303957556
sac_profit_only,2020-03-23,6855.8823621415595,-0.025568208153355143,0.0,1.0,0.0,-0.025900755458341244
sac_profit_only,2020-03-24,7477.047666866445,0.09060326182884704,0.0,1.0,0.0,0.08673099436253752
sac_profit_only,2020-03-25,7588.980422889267,0.014970180880193862,0.0,1.0,0.0,0.014859233619036984
sac_profit_only,2020-03-26,8032.099489541906,0.05838980231338309,0.0,1.0,0.0,0.05674869876971943
sac_profit_only,2020-03-27,7792.858127124173,-0.029785657253030173,0.0,1.0,0.0,-0.030238259991311155
sac_profit_only,2020-03-30,8045.9367695160545,0.03247571536186511,0.0,1.0,0.0,0.031959525345806684
sac_profit_only,2020-03-31,7926.008984212814,-0.01490538500844496,0.0,1.0,0.0,-0.015017586594124019
sac_profit_only,2020-04-01,7569.299953782597,-0.045004873340506735,0.0,1.0,0.0,-0.04604904148877963
sac_profit_only,2020-04-02,7743.964527671265,0.023075393359379692,0.0,1.0,0.0,0.022813182552417124
sac_profit_only,2020-04-03,7632.031771648442,-0.014454192761712337,0.0,1.0,0.0,-0.01455967225366192
sac_profit_only,2020-04-06,8144.646453753476,0.06716621437679282,0.0,1.0,0.0,0.06500673748543066
sac_profit_only,2020-04-07,8152.949760176756,0.0010194802770664424,0.0,1.0,0.0,0.0010189609599744974
sac_profit_only,2020-04-08,8426.631357006918,0.03356841448563386,0.0,1.0,0.0,0.033017294838593204
sac_profit_only,2020-04-09,8554.862448733438,0.015217361041894195,0.0,1.0,0.0,0.015102738376915347
sac_profit_only,2020-04-13,8476.7552497149,-0.009130152528647795,0.0,1.0,0.0,-0.009172087816788214
sac_profit_only,2020-04-14,8726.759097407883,0.029492870836560936,0.0,1.0,0.0,0.029066322582236008
sac_profit_only,2020-04-15,8541.332038243967,-0.021248101052656954,0.0,1.0,0.0,-0.021477091502921486
sac_profit_only,2020-04-16,8582.537947120529,0.004824295401707923,0.0,1.0,0.0,0.004812695780353366
sac_profit_only,2020-04-17,8814.398957665988,0.027015436689475925,0.0,1.0,0.0,0.026656961689813345
sac_profit_only,2020-04-20,8659.107044960523,-0.01761798092544986,0.0,1.0,0.0,-0.017775024816055494
sac_profit_only,2020-04-21,8396.188402625005,-0.030363251195576035,0.0,1.0,0.0,-0.03083376339064992
sac_profit_only,2020-04-22,8582.53794712053,0.022194540612888725,0.0,1.0,0.0,0.021951826516892335
sac_profit_only,2020-04-23,8581.922331273596,-7.172888144835188e-05,0.0,1.0,0.0,-7.173145408759121e-05
sac_profit_only,2020-04-24,8701.54324709216,0.013938708741589423,0.0,1.0,0.0,0.013842458314098777
sac_profit_only,2020-04-27,8827.005944385062,0.014418442077481775,0.0,1.0,0.0,0.014315484816994305
sac_profit_only,2020-04-28,8786.415651355437,-0.004598421399664376,0.0,1.0,0.0,-0.00460902666348606
sac_profit_only,2020-04-29,9016.430752798886,0.026178490817010847,0.0,1.0,0.0,0.025841699275864903
sac_profit_only,2020-04-30,8932.481772306013,-0.009310666581320182,0.0,1.0,0.0,-0.009354281772853305
sac_profit_only,2020-05-01,8696.008335102504,-0.026473430702838252,0.0,1.0,0.0,-0.02683016199258795
sac_profit_only,2020-05-04,8719.993892163151,0.0027582260890697263,0.0,1.0,0.0,0.002754429163740411
sac_profit_only,2020-05-05,8800.560739253051,0.00923932379841541,0.0,1.0,0.0,0.009196902343131827
sac_profit_only,2020-05-06,8740.904185305502,-0.006778721915009722,0.0,1.0,0.0,-0.006801801811007939
sac_profit_only,2020-05-07,8846.37907478766,0.01206681680134114,0.0,1.0,0.0,0.011994593193006048
sac_profit_only,2020-05-08,8992.7530036617,0.0165461967700673,0.0,1.0,0.0,0.01641079994986407
sac_profit_only,2020-05-11,8994.597974324919,0.00020516194122843778,0.0,1.0,0.0,0.00020514089839544992
sac_profit_only,2020-05-12,8815.321442997596,-0.019931578024839802,0.0,1.0,0.0,-0.020132891412706248
sac_profit_only,2020-05-13,8659.414852883987,-0.017685865583206062,0.0,1.0,0.0,-0.017844129300901745
sac_profit_only,2020-05-14,8763.044771702926,0.011967311946537107,0.0,1.0,0.0,0.011896269895517233
sac_profit_only,2020-05-15,8803.328195247876,0.004596966533256808,0.0,1.0,0.0,0.004586432752557939
sac_profit_only,2020-05-18,9071.474880088379,0.030459694208066823,0.0,1.0,0.0,0.03000500773344127
sac_profit_only,2020-05-19,8978.300107840616,-0.010271182302701298,0.0,1.0,0.0,-0.010324294894732978
sac_profit_only,2020-05-20,9130.82362611246,0.016988017379665044,0.0,1.0,0.0,0.016845334676130815
sac_profit_only,2020-05-21,9067.784938761939,-0.006903943163488857,0.0,1.0,0.0,-0.006927885641062185
sac_profit_only,2020-05-22,9085.00529057785,0.0018990692801170717,0.0,1.0,0.0,0.001897268327780096
sac_profit_only,2020-05-26,9196.937577381277,0.012320552737543622,0.0,1.0,0.0,0.012245272426979939
sac_profit_only,2020-05-27,9333.778845015753,0.014879003633885723,0.0,1.0,0.0,0.014769397145406274
sac_profit_only,2020-05-28,9316.558493199842,-0.0018449496288533984,0.0,1.0,0.0,-0.0018466536446246286
sac_profit_only,2020-05-29,9358.07220999987,0.004455906849114788,0.0,1.0,0.0,0.004446008688818559
sac_profit_only,2020-06-01,9395.895047034664,0.004041733830006056,0.0,1.0,0.0,0.004033587965397369
sac_profit_only,2020-06-02,9473.694438129734,0.008280146883890893,0.0,1.0,0.0,0.008246054531519834
sac_profit_only,2020-06-03,9599.77275126957,0.01330825201965502,0.0,1.0,0.0,0.013220475147309174
sac_profit_only,2020-06-04,9574.556900953845,-0.002626713253434998,0.0,1.0,0.0,-0.0026301691177291137
sac_profit_only,2020-06-05,9819.948321988775,0.025629532893630236,0.0,1.0,0.0,0.02530660249279807
sac_profit_only,2020-06-08,9938.646752475732,0.012087480157219055,0.0,1.0,0.0,0.01201500997240837
sac_profit_only,2020-06-09,9864.5373027071,-0.007456694217466864,0.0,1.0,0.0,-0.0074846343424244625
sac_profit_only,2020-06-10,9809.4931754176,-0.005580000926591389,0.0,1.0,0.0,-0.005595627288950623
sac_profit_only,2020-06-11,9243.986206170961,-0.05764894874118354,0.0,1.0,0.0,-0.05937740794860826
sac_profit_only,2020-06-12,9354.689138158103,0.011975670399988259,0.0,1.0,0.0,0.011904529469550793
sac_profit_only,2020-06-15,9442.02119049274,0.009335644514194108,0.0,1.0,0.0,0.009292336713778283
sac_profit_only,2020-06-16,9623.758308330216,0.019247692222981838,0.0,1.0,0.0,0.019064798523327483
sac_profit_only,2020-06-17,9583.782692708734,-0.004153846588902832,0.0,1.0,0.0,-0.004162497775089666
sac_profit_only,2020-06-18,9587.472634035174,0.00038501930237289095,0.0,1.0,0.0,0.0003849452014608686
sac_profit_only,2020-06-19,9490.915728384438,-0.010071153195051918,0.0,1.0,0.0,-0.010122210350605083
sac_profit_only,2020-06-22,9551.801637148272,0.006415177471415401,0.0,1.0,0.0,0.0063946878036367834
sac_profit_only,2020-06-23,9595.775002019662,0.00460367232715253,0.0,1.0,0.0,0.0045931078389241774
sac_profit_only,2020-06-24,9350.999196831664,-0.025508706189596775,0.0,1.0,0.0,-0.025839694081199422
sac_profit_only,2020-06-25,9451.24698224763,0.010720542618582574,0.0,1.0,0.0,0.010663485031515948
sac_profit_only,2020-06-26,9226.76585435505,-0.023751482562483606,0.0,1.0,0.0,-0.024038096459339246
sac_profit_only,2020-06-29,9362.37682873445,0.014697563211208076,0.0,1.0,0.0,0.014590600813082581
sac_profit_only,2020-06-30,9482.304614037692,0.012809544787298677,0.0,1.0,0.0,0.012728196521442903
sac_profit_only,2020-07-01,9548.726373229976,0.007004811793744015,0.0,1.0,0.0,0.006980392070335714
sac_profit_only,2020-07-02,9601.310852448112,0.005506962621272482,0.0,1.0,0.0,0.005491854742917902
sac_profit_only,2020-07-06,9749.528813546583,0.01543726303379489,0.0,1.0,0.0,0.01531932074415112
sac_profit_only,2020-07-07,9648.974158645942,-0.010313796371464123,0.0,1.0,0.0,-0.010367352129633484
sac_profit_only,2020-07-08,9722.775800491107,0.007648651621585456,0.0,1.0,0.0,0.007619548988834753
sac_profit_only,2020-07-09,9667.424803716931,-0.005692921230517345,0.0,1.0,0.0,-0.005709187671675223
sac_profit_only,2020-07-10,9766.134487954352,0.01021054585285941,0.0,1.0,0.0,0.010158770368597723
sac_profit_only,2020-07-13,9681.569891614545,-0.008658962913536628,0.0,1.0,0.0,-0.008696669557654566
sac_profit_only,2020-07-14,9807.033527346235,0.012959017714715637,0.0,1.0,0.0,0.012875768095466747
sac_profit_only,2020-07-15,9897.1330356757,0.009187233639839087,0.0,1.0,0.0,0.009145287724412185
sac_profit_only,2020-07-16,9864.537302707096,-0.0032934520381920906,0.0,1.0,0.0,-0.00329888738868124
sac_profit_only,2020-07-17,9893.135286425793,0.0028990699554503063,0.0,1.0,0.0,0.002894875756376014
sac_profit_only,2020-07-20,9973.08745610755,0.008081580547216305,0.0,1.0,0.0,0.008049099456827503
sac_profit_only,2020-07-21,9994.30555717337,0.0021275358467678362,0.0,1.0,0.0,0.002125275847297115
sac_profit_only,2020-07-22,10051.193716687298,0.005692057260856531,0.0,1.0,0.0,0.005675918714983156
sac_profit_only,2020-07-23,9931.265931384056,-0.011931695745166504,0.0,1.0,0.0,-0.012003449762736975
sac_profit_only,2020-07-24,9867.304758701925,-0.006440384652273368,0.0,1.0,0.0,-0.0064612134078021995
sac_profit_only,2020-07-27,9939.261429883869,0.0072924342504456785,0.0,1.0,0.0,0.007265973018451793
sac_profit_only,2020-07-28,9876.222742533348,-0.006342391514221224,0.0,1.0,0.0,-0.006362589928741833
sac_profit_only,2020-07-29,9997.687690576342,0.012298725050001957,0.0,1.0,0.0,0.012223710163119286
sac_profit_only,2020-07-30,9962.016693689442,-0.0035679247032813777,0.0,1.0,0.0,-0.0035743049272522055
sac_profit_only,2020-07-31,10040.738570116124,0.007902202821698623,0.0,1.0,0.0,0.007871143932114598
sac_profit_only,2020-08-03,10110.543401150171,0.006952160993595191,0.0,1.0,0.0,0.006928106146781003
sac_profit_only,2020-08-04,10149.596531440044,0.0038626143759423748,0.0,1.0,0.0,0.0038551736353533476
sac_profit_only,2020-08-05,10212.635218790567,0.0062109550025215565,0.0,1.0,0.0,0.006191746515834142
sac_profit_only,2020-08-06,10280.901948646071,0.006684536203731106,0.0,1.0,0.0,0.006662293756877345
sac_profit_only,2020-08-07,10288.28276973774,0.0007179157167860328,0.0,1.0,0.0,0.0007176581385700891
sac_profit_only,2020-08-10,10319.033532043124,0.0029889110742402636,0.0,1.0,0.0,0.002984453160198847
sac_profit_only,2020-08-11,10233.853319856384,-0.0082546695794945,0.0,1.0,0.0,-0.008288928022774634
sac_profit_only,2020-08-12,10376.537307403985,0.013942352219447729,0.0,1.0,0.0,0.013846051698275444
sac_profit_only,2020-08-13,10357.77885440953,-0.001807775796370037,0.0,1.0,0.0,-0.0018094117950114884
sac_profit_only,2020-08-14,10358.086662332997,2.9717560858788516e-05,0.0,1.0,0.0,2.9717119300824814e-05
sac_profit_only,2020-08-17,10390.990203225068,0.0031766041320859806,0.0,1.0,0.0,0.003171569384628661
sac_profit_only,2020-08-18,10413.438597545965,0.002160371040858866,0.0,1.0,0.0,0.0021580407948689
sac_profit_only,2020-08-19,10370.079910082717,-0.0041637243123001655,0.0,1.0,0.0,-0.004172416749373015
sac_profit_only,2020-08-20,10402.367835127854,0.0031135656933312106,0.0,1.0,0.0,0.003108728585502381
sac_profit_only,2020-08-21,10439.269125269831,0.0035473933172565086,0.0,1.0,0.0,0.0035411161582373403
sac_profit_only,2020-08-24,10545.051822675456,0.010133151673383134,0.0,1.0,0.0,0.010082155503900299
sac_profit_only,2020-08-25,10581.95217437864,0.0034993049179556923,0.0,1.0,0.0,0.0034931965962736824
sac_profit_only,2020-08-26,10688.042679707733,0.010025608090155735,0.0,1.0,0.0,0.009975685076455696
sac_profit_only,2020-08-27,10711.412620921446,0.002186550139632537,0.0,1.0,0.0,0.002184163117804633
sac_profit_only,2020-08-28,10780.60183610856,0.006459392204906322,0.0,1.0,0.0,0.006438619734780553
sac_profit_only,2020-08-31,10741.548705818686,-0.0036225371165337084,0.0,1.0,0.0,-0.0036291143932043546
sac_profit_only,2020-09-01,10842.718976566264,0.009418592562241423,0.0,1.0,0.0,0.009374514174085805
sac_profit_only,2020-09-02,10999.548052011482,0.01446399890877581,0.0,1.0,0.0,0.014360393117624624
sac_profit_only,2020-09-03,10621.006243107304,-0.03441430567094561,0.0,1.0,0.0,-0.03502042462644392
sac_profit_only,2020-09-04,10534.288868180809,-0.008164704260744782,0.0,1.0,0.0,-0.00819821800310119
sac_profit_only,2020-09-08,10246.461245014241,-0.027322928654060497,0.0,1.0,0.0,-0.027703141558992693
sac_profit_only,2020-09-09,10448.801786509393,0.019747358298320528,0.0,1.0,0.0,0.019554908673632087
sac_profit_only,2020-09-10,10267.372476595385,-0.017363647394312176,0.0,1.0,0.0,-0.01751616358989766
sac_profit_only,2020-09-11,10272.599580661576,0.0005090985135784987,0.0,1.0,0.0,0.0005089689668963855
sac_profit_only,2020-09-14,10407.902747117509,0.013171268420765214,0.0,1.0,0.0,0.013085281479949857
sac_profit_only,2020-09-15,10460.487226335646,0.0050523607393142544,0.0,1.0,0.0,0.005039640391992443
sac_profit_only,2020-09-16,10418.973509535619,-0.003968621719216969,0.0,1.0,0.0,-0.003976517595813861
sac_profit_only,2020-09-17,10327.335900027609,-0.008795262741012055,0.0,1.0,0.0,-0.008834169361647914
sac_profit_only,2020-09-18,10167.739368587561,-0.015453794955930578,0.0,1.0,0.0,-0.015574449506466947
sac_profit_only,2020-09-21,10054.576788529057,-0.011129571279935746,0.0,1.0,0.0,-0.011191968358818668
sac_profit_only,2020-09-22,10156.976414092918,0.010184379483847206,0.0,1.0,0.0,0.010132868136627598
sac_profit_only,2020-09-23,9921.426400659811,-0.023190958000678052,0.0,1.0,0.0,-0.02346409947242303
sac_profit_only,2020-09-24,9947.871605791823,0.002665464023424269,0.0,1.0,0.0,0.0026619179740412294
sac_profit_only,2020-09-25,10108.698430486947,0.016166958226671246,0.0,1.0,0.0,0.016037664619024165
sac_profit_only,2020-09-28,10276.597329911485,0.016609348926481804,0.0,1.0,0.0,0.016472922256805595
sac_profit_only,2020-09-29,10220.630717290376,-0.005446025646855923,0.0,1.0,0.0,-0.005460909306988011
sac_profit_only,2020-09-30,10298.123238900771,0.007581970599847665,0.0,1.0,0.0,0.007553371925994548
sac_profit_only,2020-10-01,10364.23719016959,0.006420000007290261,0.0,1.0,0.0,0.006399479587811491
sac_profit_only,2020-10-02,10265.834375416844,-0.009494458004693285,0.0,1.0,0.0,-0.009539817709959875
sac_profit_only,2020-10-05,10447.879301177787,0.017733086187020408,0.0,1.0,0.0,0.017577689434087954
sac_profit_only,2020-10-06,10299.352593717058,-0.014215967009112096,0.0,1.0,0.0,-0.014317981848638483
sac_profit_only,2020-10-07,10478.630063483171,0.017406673685050666,0.0,1.0,0.0,0.017256912933913654
sac_profit_only,2020-10-08,10571.497027807467,0.008862510057295214,0.0,1.0,0.0,0.008823468516178457
sac_profit_only,2020-10-09,10665.902093310307,0.00893015107080064,0.0,1.0,0.0,0.008890513079114816
sac_profit_only,2020-10-12,10837.490934061285,0.016087606959996226,0.0,1.0,0.0,0.015959572761759168
sac_profit_only,2020-10-13,10766.764556134418,-0.006526084160733192,0.0,1.0,0.0,-0.006547472151973233
sac_profit_only,2020-10-14,10699.112503687056,-0.006283415235342593,0.0,1.0,0.0,-0.006303238972997072
sac_profit_only,2020-10-15,10685.88990112105,-0.0012358597557927675,0.0,1.0,0.0,-0.0012366240602410636
sac_profit_only,2020-10-16,10679.43250379978,-0.0006042919570594663,0.0,1.0,0.0,-0.0006044746150336862
sac_profit_only,2020-10-19,10517.068516364903,-0.015203428401004193,0.0,1.0,0.0,-0.015320185434976038
sac_profit_only,2020-10-20,10559.196910573073,0.004005716435394158,0.0,1.0,0.0,0.003997714914079781
sac_profit_only,2020-10-21,10539.209102762332,-0.0018929287880526946,0.0,1.0,0.0,-0.0018947226418668203
sac_profit_only,2020-10-22,10597.01974760787,0.005485292518808249,0.0,1.0,0.0,0.005470303091080673
sac_profit_only,2020-10-23,10632.998552418238,0.003395181444149742,0.0,1.0,0.0,0.0033894308282106864
sac_profit_only,2020-10-26,10436.501669275003,-0.018479912526513598,0.0,1.0,0.0,-0.01865279937878164
sac_profit_only,2020-10-27,10400.522864464636,-0.0034474008581140136,0.0,1.0,0.0,-0.0034533568368227225
sac_profit_only,2020-10-28,10045.044127289497,-0.03417892944495127,0.0,1.0,0.0,-0.0347766890949763
sac_profit_only,2020-10-29,10147.136883368683,0.010163495031527914,0.0,1.0,0.0,0.010112194021458154
sac_profit_only,2020-10-30,10041.354185963057,-0.010424881286366205,0.0,1.0,0.0,-0.010479600991130223
sac_profit_only,2020-11-02,10153.902088613419,0.011208438679286337,0.0,1.0,0.0,0.011146089588536665
sac_profit_only,2020-11-03,10333.178619940742,0.017655924762989716,0.0,1.0,0.0,0.01750186960441162
sac_profit_only,2020-11-04,10564.11714515459,0.022349224155303826,0.0,1.0,0.0,0.022103140022991602
sac_profit_only,2020-11-05,10770.14668953739,0.019502769758408034,0.0,1.0,0.0,0.01931502780985749
sac_profit_only,2020-11-06,10767.687041466028,-0.00022837646898088426,0.0,1.0,0.0,-0.00022840255085774324
sac_profit_only,2020-11-09,10902.99020792196,0.012565666696560118,0.0,1.0,0.0,0.012487373892100521
sac_profit_only,2020-11-10,10887.000149361127,-0.0014665755224849697,0.0,1.0,0.0,-0.0014676519969827084
sac_profit_only,2020-11-11,10967.874804374494,0.007428552760524454,0.0,1.0,0.0,0.007401096949917688
sac_profit_only,2020-11-12,10861.476491121935,-0.009700905157134176,0.0,1.0,0.0,-0.009748265478456569
sac_profit_only,2020-11-13,11011.848169245884,0.01384449694724843,0.0,1.0,0.0,0.013749537340944966
sac_profit_only,2020-11-16,11149.304114288507,0.012482549970722623,0.0,1.0,0.0,0.01240528525322262
sac_profit_only,2020-11-17,11089.339752417489,-0.0053783053414221405,0.0,1.0,0.0,-0.005392820493601719
sac_profit_only,2020-11-18,10955.881556624776,-0.012034818913688627,0.0,1.0,0.0,-0.012107823670750925
sac_profit_only,2020-11-19,11002.007700082853,0.004210171789433614,0.0,1.0,0.0,0.004201333813765502
sac_profit_only,2020-11-20,10926.667957059144,-0.006847817696323033,0.0,1.0,0.0,-0.006871371590023875
sac_profit_only,2020-11-23,10992.167230919818,0.00599444168323604,0.0,1.0,0.0,0.005976546496514336
sac_profit_only,2020-11-24,11169.291922099244,0.016113718747035932,0.0,1.0,0.0,0.015985270793455963
sac_profit_only,2020-11-25,11152.071570283333,-0.0015417585945479706,0.0,1.0,0.0,-0.0015429483273409826
sac_profit_only,2020-11-27,11183.130140512185,0.0027850045646777843,0.0,1.0,0.0,0.0027811336248563354
sac_profit_only,2020-11-30,11133.620925212344,-0.004427133966767305,0.0,1.0,0.0,-0.004436962743950226
sac_profit_only,2020-12-01,11255.393681178804,0.010937390161245952,0.0,1.0,0.0,0.010878009496786719
sac_profit_only,2020-12-02,11279.072368754778,0.002103763604072606,0.0,1.0,0.0,0.002101553792160207
sac_profit_only,2020-12-03,11275.997104836482,-0.00027265220203875895,0.0,1.0,0.0,-0.0002726893784080301
sac_profit_only,2020-12-04,11373.169626334151,0.008617643352887061,0.0,1.0,0.0,0.008580723421316779
sac_profit_only,2020-12-07,11349.798746681647,-0.0020549134867724472,0.0,1.0,0.0,-0.0020570277183633748
sac_profit_only,2020-12-08,11383.010095497186,0.00292616191324524,0.0,1.0,0.0,0.0029218890348672224
sac_profit_only,2020-12-09,11280.917339418,-0.008968871609766116,0.0,1.0,0.0,-0.009009334055422738
sac_profit_only,2020-12-10,11277.22739809156,-0.0003270958571379712,0.0,1.0,0.0,-0.00032714936465622605
sac_profit_only,2020-12-11,11264.003857086765,-0.0011725879542902051,0.0,1.0,0.0,-0.001173275973440045
sac_profit_only,2020-12-14,11213.573094894104,-0.004477161303609978,0.0,1.0,0.0,-0.004487213805950276
sac_profit_only,2020-12-15,11365.174127834338,0.01351942254777505,0.0,1.0,0.0,0.013428850562282912
sac_profit_only,2020-12-16,11383.010095497182,0.0015693527844120592,0.0,1.0,0.0,0.0015681226371862288
sac_profit_only,2020-12-17,11446.663460255848,0.00559196242686677,0.0,1.0,0.0,0.0055763854485796
sac_profit_only,2020-12-18,11352.566202676477,-0.008220496558327905,0.0,1.0,0.0,-0.008254471160338043
sac_profit_only,2020-12-21,11311.974971208057,-0.003575511540188092,0.0,1.0,0.0,-0.0035819189593353272
sac_profit_only,2020-12-22,11292.909648728926,-0.0016854105960857346,0.0,1.0,0.0,-0.0016868324984085227
sac_profit_only,2020-12-23,11303.057925815428,0.000898641484096574,0.0,1.0,0.0,0.0008982379475764469
sac_profit_only,2020-12-24,11347.031290686817,0.003890395427502469,0.0,1.0,0.0,0.003882847409394495
sac_profit_only,2020-12-28,11444.511620107953,0.008590822297383172,0.0,1.0,0.0,0.008554131171718198
sac_profit_only,2020-12-29,11422.6779031952,-0.0019077893087540154,0.0,1.0,0.0,-0.0019096114566623322
sac_profit_only,2020-12-30,11438.9757696795,0.0014267990940848296,0.0,1.0,0.0,0.0014257821834272697
sac_profit_only,2020-12-31,11497.095160887297,0.005080821253407031,0.0,1.0,0.0,0.005067957435210907
sac_profit_only,2021-01-04,11340.573893365545,-0.013613983822125086,0.0,1.0,0.0,-0.013707503856706198
sac_profit_only,2021-01-05,11418.68015394529,0.006887328746690624,0.0,1.0,0.0,0.0068637194394418535
sac_profit_only,2021-01-06,11486.946883800796,0.005978513184986545,0.0,1.0,0.0,0.005960712786412728
sac_profit_only,2021-01-07,11657.61417765895,0.0148574983052141,0.0,1.0,0.0,0.01474820687893387
sac_profit_only,2021-01-08,11724.035936851236,0.005697714659280706,0.0,1.0,0.0,0.00568154407760871
sac_profit_only,2021-01-11,11645.00625250109,-0.006740825836411668,0.0,1.0,0.0,-0.006763647820053983
sac_profit_only,2021-01-12,11647.465900572452,0.0002112191284424636,0.0,1.0,0.0,0.00021119682482293237
sac_profit_only,2021-01-13,11678.832278724769,0.0026929787492038226,0.0,1.0,0.0,0.002689359178759961
sac_profit_only,2021-01-14,11637.933239332884,-0.003501980199372312,0.0,1.0,0.0,-0.0035081264856747932
sac_profit_only,2021-01-15,11553.061773508403,-0.007292657904037436,0.0,1.0,0.0,-0.007319379326411214
sac_profit_only,2021-01-19,11643.775959246012,0.007851960589842832,0.0,1.0,0.0,0.007821294369327474
sac_profit_only,2021-01-20,11804.910591864604,0.013838692292137411,0.0,1.0,0.0,0.013743811934587761
sac_profit_only,2021-01-21,11815.672607920455,0.0009116558716901757,0.0,1.0,0.0,0.0009112405658674767
sac_profit_only,2021-01-22,11773.852021635752,-0.0035394164744094736,0.0,1.0,0.0,-0.0035456950282216223
sac_profit_only,2021-01-25,11820.285973017297,0.003943819855746211,0.0,1.0,0.0,0.003936063384946354
sac_profit_only,2021-01-26,11801.835327946308,-0.001560930514972858,0.0,1.0,0.0,-0.0015621500362329908
sac_profit_only,2021-01-27,11513.393027371596,-0.024440461382450485,0.0,1.0,0.0,-0.024744086832159302
sac_profit_only,2021-01-28,11612.410519532485,0.008600200820512827,0.0,1.0,0.0,0.008563429768650509
sac_profit_only,2021-01-29,11379.934831578885,-0.02001958917681801,0.0,1.0,0.0,-0.020222696473238034
sac_profit_only,2021-02-01,11569.359639992706,0.01664550906637663,0.0,1.0,0.0,0.016508490980280167
sac_profit_only,2021-02-02,11732.952982243873,0.014140224467191764,0.0,1.0,0.0,0.014041184037211234
sac_profit_only,2021-02-03,11742.17877399876,0.0007863145594164678,0.0,1.0,0.0,0.0007860055760847452
sac_profit_only,2021-02-04,11875.636969791474,0.011365709751263386,0.0,1.0,0.0,0.011301605342968764
sac_profit_only,2021-02-05,11922.377790657692,0.0039358580078789895,0.0,1.0,0.0,0.003928132782375852
sac_profit_only,2021-02-08,12008.480488176045,0.0072219400383219945,0.0,1.0,0.0,0.007195986710037045
sac_profit_only,2021-02-09,12000.484989676232,-0.0006658210010571652,0.0,1.0,0.0,-0.0006660427582991057
sac_profit_only,2021-02-10,11995.256947171249,-0.0004356526014973605,0.0,1.0,0.0,-0.0004357475256622636
sac_profit_only,2021-02-11,12014.630077573847,0.0016150658954552366,0.0,1.0,0.0,0.0016137630790994486
sac_profit_only,2021-02-12,12073.979762036719,0.004939784585931806,0.0,1.0,0.0,0.004927623881120012
sac_profit_only,2021-02-16,12063.523677026755,-0.0008660015352055517,0.0,1.0,0.0,-0.0008663767311641978
sac_profit_only,2021-02-17,12066.292071460373,0.00022948472666328712,0.0,1.0,0.0,0.00022945839907117775
sac_profit_only,2021-02-18,12014.937885497313,-0.004256003887434967,0.0,1.0,0.0,-0.004265086451425672
sac_profit_only,2021-02-19,11993.719784431494,-0.0017659767589335296,0.0,1.0,0.0,-0.0017675379341602648
sac_profit_only,2021-02-22,11901.467497515341,-0.007691716045917785,0.0,1.0,0.0,-0.007721449861292021
sac_profit_only,2021-02-23,11915.920393336422,0.0012143793044092632,0.0,1.0,0.0,0.0012136425422739111
sac_profit_only,2021-02-24,12047.22581054245,0.011019326486895187,0.0,1.0,0.0,0.010959056064222558
sac_profit_only,2021-02-25,11756.938539304518,-0.024095777385022887,0.0,1.0,0.0,-0.02439082995098172
sac_profit_only,2021-02-26,11696.359500025359,-0.005152620223082494,0.0,1.0,0.0,-0.005165940747434498
sac_profit_only,2021-03-01,11979.881566018554,0.02424019764376939,0.0,1.0,0.0,0.02395106712203497
sac_profit_only,2021-03-02,11886.399924286115,-0.0078032191902133174,0.0,1.0,0.0,-0.007833823617744123
sac_profit_only,2021-03-03,11728.956171432756,-0.013245705500087857,0.0,1.0,0.0,-0.013334212282538064
sac_profit_only,2021-03-04,11583.812535813791,-0.012374812685589043,0.0,1.0,0.0,-0.01245201827778602
sac_profit_only,2021-03-05,11796.915093364792,0.01839658203136052,0.0,1.0,0.0,0.018229412041131186
sac_profit_only,2021-03-08,11738.181024748854,-0.004978765054346579,0.0,1.0,0.0,-0.004991200397351102
sac_profit_only,2021-03-09,11905.773054688714,0.014277512809395931,0.0,1.0,0.0,0.014176548996697468
sac_profit_only,2021-03-10,11979.881566018554,0.006224586256551756,0.0,1.0,0.0,0.006205293537590554
sac_profit_only,2021-03-11,12101.347452500338,0.010139155868312377,0.0,1.0,0.0,0.010088099450077105
sac_profit_only,2021-03-12,12117.64531898464,0.0013467811372471772,0.0,1.0,0.0,0.0013458750409823536
sac_profit_only,2021-03-15,12189.90979809005,0.005963574374651337,0.0,1.0,0.0,0.005945862646910351
sac_profit_only,2021-03-16,12174.534416937357,-0.001261320338490246,0.0,1.0,0.0,-0.0012621164725121602
sac_profit_only,2021-03-17,12216.048133737384,0.0034098812634899556,0.0,1.0,0.0,0.0034040808005609087
sac_profit_only,2021-03-18,12038.308765149814,-0.014549661776192768,0.0,1.0,0.0,-0.01465654612606892
sac_profit_only,2021-03-19,11976.807240539045,-0.005108817676184874,0.0,1.0,0.0,-0.00512191230295539
sac_profit_only,2021-03-22,12072.441660858172,0.00798496781307656,0.0,1.0,0.0,0.007953256654126096
sac_profit_only,2021-03-23,11977.42191794719,-0.00787079743934982,0.0,1.0,0.0,-0.007901935661560477
sac_profit_only,2021-03-24,11916.535070744563,-0.005083468514321288,0.0,1.0,0.0,-0.00509643329642724
sac_profit_only,2021-03-25,11983.572445783786,0.005625576112623598,0.0,1.0,0.0,0.005609811654463194
sac_profit_only,2021-03-26,12176.687195524044,0.016114956588609175,0.0,1.0,0.0,0.015986489004367232
sac_profit_only,2021-03-29,12170.536667687451,-0.0005051068273195236,0.0,1.0,0.0,-0.0005052344367457635
sac_profit_only,2021-03-30,12138.248742642314,-0.002652958199523048,0.0,1.0,0.0,-0.002656483529543106
sac_profit_only,2021-03-31,12187.449211579897,0.0040533416294838975,0.0,1.0,0.0,0.004045148971267885
sac_profit_only,2021-04-01,12319.062436709391,0.010799078859294209,0.0,1.0,0.0,0.010741185232806828
sac_profit_only,2021-04-05,12495.879319965352,0.01435311202978129,0.0,1.0,0.0,0.014251081264420035
sac_profit_only,2021-04-06,12488.499437312474,-0.0005905853012749818,0.0,1.0,0.0,-0.0005907597654680632
sac_profit_only,2021-04-07,12502.952333133557,0.0011572964304984446,0.0,1.0,0.0,0.0011566272792055982
sac_profit_only,2021-04-08,12562.30107915764,0.004746778556197873,0.0,1.0,0.0,0.004735548127749245
sac_profit_only,2021-04-09,12653.630880742183,0.007270149076117116,0.0,1.0,0.0,0.007243848936019295
sac_profit_only,2021-04-12,12658.244245839023,0.0003645882466716266,0.0,1.0,0.0,0.0003645218005266528
sac_profit_only,2021-04-13,12695.759274950353,0.002963683460576405,0.0,1.0,0.0,0.002959300408599511
sac_profit_only,2021-04-14,12652.4015259259,-0.003415136352656112,0.0,1.0,0.0,-0.0034209812419999062
sac_profit_only,2021-04-15,12788.319369789975,0.01074245419619091,0.0,1.0,0.0,0.010685163961720182
sac_profit_only,2021-04-16,12831.06337984508,0.0033424259137662116,0.0,1.0,0.0,0.0033368524241360826
sac_profit_only,2021-04-19,12768.023754055768,-0.004913047650308866,0.0,1.0,0.0,-0.004925156345594385
sac_profit_only,2021-04-20,12674.54211232333,-0.007321543531961572,0.0,1.0,0.0,-0.007348477578193882
sac_profit_only,2021-04-21,12794.469897626572,0.009462100030157128,0.0,1.0,0.0,0.009417614757574543
sac_profit_only,2021-04-22,12677.616437802835,-0.009133122416069228,0.0,1.0,0.0,-0.00917508507407662
sac_profit_only,2021-04-23,12815.072382845456,0.010842412350696051,0.0,1.0,0.0,0.01078405484306848
sac_profit_only,2021-04-26,12841.825395900934,0.002087620908898691,0.0,1.0,0.0,0.002085444856357964
sac_profit_only,2021-04-27,12839.057939906104,-0.00021550331899955477,0.0,1.0,0.0,-0.00021552654317645608
sac_profit_only,2021-04-28,12835.367998579664,-0.00028739969425417566,0.0,1.0,0.0,-0.0002874410014609463
sac_profit_only,2021-04-29,12917.165138924642,0.006372792767143753,0.0,1.0,0.0,0.006352572384720713
sac_profit_only,2021-04-30,12832.292734661369,-0.006570513216364926,0.0,1.0,0.0,-0.006592194060024211
sac_profit_only,2021-05-03,12859.969171487248,0.0021567803508037997,0.0,1.0,0.0,0.0021544578388955128
sac_profit_only,2021-05-04,12780.631679213631,-0.00616933767224892,0.0,1.0,0.0,-0.006188446669683702
sac_profit_only,2021-05-05,12784.629428463537,0.00031279746965928723,0.0,1.0,0.0,0.0003127485587299854
sac_profit_only,2021-05-06,12886.722184542725,0.007985585867032574,0.0,1.0,0.0,0.007953869811847956
sac_profit_only,2021-05-07,12980.511634198629,0.007277991122397465,0.0,1.0,0.0,0.007251634350647923
sac_profit_only,2021-05-10,12851.973672987435,-0.009902380186043391,0.0,1.0,0.0,-0.0099517348420575
sac_profit_only,2021-05-11,12737.272991750384,-0.008924752271951109,0.0,1.0,0.0,-0.008964816426748644
sac_profit_only,2021-05-12,12466.66665883852,-0.021245233032779365,0.0,1.0,0.0,-0.02147416122439163
sac_profit_only,2021-05-13,12616.422721115536,0.01201251837200945,0.0,1.0,0.0,0.011940940721582477
sac_profit_only,2021-05-14,12810.15214826394,0.015355337359152399,0.0,1.0,0.0,0.015238637296052007
sac_profit_only,2021-05-17,12777.556415295336,-0.002544523483510863,0.0,1.0,0.0,-0.0025477662854817987
sac_profit_only,2021-05-18,12667.469099155129,-0.008615678347420719,0.0,1.0,0.0,-0.008653007871549625
sac_profit_only,2021-05-19,12634.25775033959,-0.0026217825009539064,0.0,1.0,0.0,-0.0026252253916854364
sac_profit_only,2021-05-20,12770.176532642457,0.010757955472233016,0.0,1.0,0.0,0.010700500368250966
sac_profit_only,2021-05-21,12759.721386071284,-0.0008187158998506083,0.0,1.0,0.0,-0.000819051230752596
sac_profit_only,2021-05-24,12889.797448461022,0.010194271368004326,0.0,1.0,0.0,0.010142660245797856
sac_profit_only,2021-05-25,12861.198526303533,-0.00221872548981783,0.0,1.0,0.0,-0.0022211905080248458
sac_profit_only,2021-05-26,12886.722184542727,0.0019845474111135353,0.0,1.0,0.0,0.0019825807983610447
sac_profit_only,2021-05-27,12893.48738978746,0.0005249748654354569,0.0,1.0,0.0,0.0005248371143392543
sac_profit_only,2021-05-28,12916.5504615165,0.001788738068438045,0.0,1.0,0.0,0.0017871401816827895
sac_profit_only,2021-06-01,12905.172829613713,-0.0008808568461590172,0.0,1.0,0.0,-0.0008812450285228658
sac_profit_only,2021-06-02,12925.46750690913,0.0015726001939970757,0.0,1.0,0.0,0.0015713649531690686
sac_profit_only,2021-06-03,12877.496392787834,-0.0037113639483951077,0.0,1.0,0.0,-0.0037182681475314908
sac_profit_only,2021-06-04,12995.272337943179,0.00914587289042501,0.0,1.0,0.0,0.009104302666706848
sac_profit_only,2021-06-07,12982.664412785318,-0.0009701932233501243,0.0,1.0,0.0,-0.0009706641654232866
sac_profit_only,2021-06-08,12985.431868780148,0.00021316548797978285,0.0,1.0,0.0,0.00021314277144534677
sac_profit_only,2021-06-09,12966.05873837755,-0.0014919126755557066,0.0,1.0,0.0,-0.0014930266854129297
sac_profit_only,2021-06-10,13026.32996973324,0.004648384877148359,0.0,1.0,0.0,0.004637614499841
sac_profit_only,2021-06-11,13047.855878722527,0.0016524922245406692,0.0,1.0,0.0,0.0016511283615731592
sac_profit_only,2021-06-14,13077.069478288158,0.002238957866883773,0.0,1.0,0.0,0.0022364551356958834
sac_profit_only,2021-06-15,13053.083921227511,-0.0018341691233245694,0.0,1.0,0.0,-0.0018358532711674363
sac_profit_only,2021-06-16,12980.203826275167,-0.005583362168830042,0.0,1.0,0.0,-0.005599007397880924
sac_profit_only,2021-06-17,12975.899207540584,-0.00033162951770204785,0.0,1.0,0.0,-0.0003316845189309103
sac_profit_only,2021-06-18,12759.106708663141,-0.0167073198866603,0.0,1.0,0.0,-0.016848461428616564
sac_profit_only,2021-06-21,12941.765373393437,0.0143159445955785,0.0,1.0,0.0,0.01421443907866227
sac_profit_only,2021-06-22,13010.954588580551,0.0053461960706966405,0.0,1.0,0.0,0.0053319558957808455
sac_profit_only,2021-06-23,12995.272337943183,-0.001205311303686507,0.0,1.0,0.0,-0.001206038275566232
sac_profit_only,2021-06-24,13072.149243706643,0.005915759498090534,0.0,1.0,0.0,0.005898330097850598
sac_profit_only,2021-06-25,13118.582256649395,0.0035520565193292164,0.0,1.0,0.0,0.0035457628657765165
sac_profit_only,2021-06-28,13145.028400220199,0.0020159300032134286,0.0,1.0,0.0,0.0020139007430977347
sac_profit_only,2021-06-29,13152.101413388402,0.0005380751530430494,0.0,1.0,0.0,0.000537930442515654
sac_profit_only,2021-06-30,13163.17123736772,0.0008416772066590639,0.0,1.0,0.0,0.0008413231950273803
sac_profit_only,2021-07-01,13236.050393881278,0.005536595642444242,0.0,1.0,0.0,0.005521325035644419
sac_profit_only,2021-07-02,13337.220664628854,0.007643539253548326,0.0,1.0,0.0,0.00761447541383626
sac_profit_only,2021-07-06,13312.92729964474,-0.001821471324122359,0.0,1.0,0.0,-0.001823132220170776
sac_profit_only,2021-07-07,13359.975928434425,0.003534055863952723,0.0,1.0,0.0,0.0035278257625641373
sac_profit_only,2021-07-08,13251.118905549294,-0.008147995435639044,0.0,1.0,0.0,-0.008181371774258997
sac_profit_only,2021-07-09,13392.57166140303,0.010674778247933281,0.0,1.0,0.0,0.010618205050717838
sac_profit_only,2021-07-12,13440.542775524327,0.003581919539736189,0.0,1.0,0.0,0.003575519743758136
sac_profit_only,2021-07-13,13394.724439989717,-0.0034089646750016245,0.0,1.0,0.0,-0.003414788434172269
sac_profit_only,2021-07-14,13414.712247800458,0.0014922149313552069,0.0,1.0,0.0,0.0014911026849908
sac_profit_only,2021-07-15,13368.893912265848,-0.0034155287633637066,0.0,1.0,0.0,-0.0034213749975135267
sac_profit_only,2021-07-16,13264.033700191832,-0.007843596692603594,0.0,1.0,0.0,-0.00787451950063335
sac_profit_only,2021-07-19,13068.15149445674,-0.014767921294730924,0.0,1.0,0.0,-0.014878052663657744
sac_profit_only,2021-07-20,13255.423524283879,0.014330414665499891,0.0,1.0,0.0,0.014228704817839114
sac_profit_only,2021-07-21,13362.743384429257,0.008096298088761111,0.0,1.0,0.0,0.008063698904327666
sac_profit_only,2021-07-22,13390.72669073981,0.002094128840576248,0.0,1.0,0.0,0.00209193920915645
sac_profit_only,2021-07-23,13528.4904437059,0.010287996771777719,0.0,1.0,0.0,0.010235435525560058
sac_profit_only,2021-07-26,13561.700854082645,0.002454849675574522,0.0,1.0,0.0,0.0024518414542579526
sac_profit_only,2021-07-27,13499.892459987199,-0.00455756949371422,0.0,1.0,0.0,-0.004567986877577146
sac_profit_only,2021-07-28,13494.356609558748,-0.0004100662612578354,0.0,1.0,0.0,-0.00041015036141902467
sac_profit_only,2021-07-29,13550.323222179859,0.00414740874577646,0.0,1.0,0.0,0.004138831952258488
sac_profit_only,2021-07-30,13484.517078834508,-0.004856426098946209,0.0,1.0,0.0,-0.004868256855177465
sac_profit_only,2021-08-02,13456.225964600486,-0.0020980443028566498,0.0,1.0,0.0,-0.0021002482810405123
sac_profit_only,2021-08-03,13565.69860333255,0.008135463763766726,0.0,1.0,0.0,0.008102549274361074
sac_profit_only,2021-08-04,13498.969974655589,-0.004918923133127029,0.0,1.0,0.0,-0.004931060854894027
sac_profit_only,2021-08-05,13584.457056327004,0.006332859605726826,0.0,1.0,0.0,0.006312891310267438
sac_profit_only,2021-08-06,13606.904512209108,0.0016524367362660275,0.0,1.0,0.0,0.001651072964839652
sac_profit_only,2021-08-09,13595.834688229788,-0.0008135446213639597,0.0,1.0,0.0,-0.0008138757283818371
sac_profit_only,2021-08-10,13612.747232122234,0.001243950392180615,0.0,1.0,0.0,0.0012431773269283135
sac_profit_only,2021-08-11,13646.573258345914,0.002484878742467167,0.0,1.0,0.0,0.002481796536168155
sac_profit_only,2021-08-12,13687.471359299007,0.0029969502364324274,0.0,1.0,0.0,0.002992468333533074
sac_profit_only,2021-08-13,13712.380340130054,0.0018198380239258238,0.0,1.0,0.0,0.0018181841249573095
sac_profit_only,2021-08-16,13744.66826517519,0.002354655008411921,0.0,1.0,0.0,0.0023518871523535295
sac_profit_only,2021-08-17,13654.568756845725,-0.00655523338877162,0.0,1.0,0.0,-0.0065768132903881865
sac_profit_only,2021-08-18,13505.119564053388,-0.010944995440988259,0.0,1.0,0.0,-0.011005332567218307
sac_profit_only,2021-08-19,13526.029857195737,0.0015483234371360677,0.0,1.0,0.0,0.0015471260202361639
sac_profit_only,2021-08-20,13633.657525264582,0.00795707751684338,0.0,1.0,0.0,0.007925586914016684
sac_profit_only,2021-08-23,13753.586249006612,0.008796518727259395,0.0,1.0,0.0,0.008758054757839811
sac_profit_only,2021-08-24,13775.419027480575,0.0015874244054374653,0.0,1.0,0.0,0.0015861657791226762
sac_profit_only,2021-08-25,13804.324819122741,0.0020983602447592897,0.0,1.0,0.0,0.0020961617618364863
sac_profit_only,2021-08-26,13722.835486701231,-0.005903174076911433,0.0,1.0,0.0,-0.005920666684245556
sac_profit_only,2021-08-27,13845.530727999303,0.008940954033659798,0.0,1.0,0.0,0.008901220366445443
sac_profit_only,2021-08-30,13906.417575201927,0.004397581313332788,0.0,1.0,0.0,0.0043879402073269185
sac_profit_only,2021-08-31,13885.814151544251,-0.0014815766566952382,0.0,1.0,0.0,-0.0014826752766506047
sac_profit_only,2021-09-01,13893.194034197133,0.0005314692082394323,0.0,1.0,0.0,0.000531328028499354
sac_profit_only,2021-09-02,13935.938044252238,0.0030766150641741152,0.0,1.0,0.0,0.0030718919689984346
sac_profit_only,2021-09-03,13932.554972410473,-0.0002427588175996087,0.0,1.0,0.0,-0.00024278828829097984
sac_profit_only,2021-09-07,13882.738887625957,-0.003575516829695813,0.0,1.0,0.0,-0.0035819242678236233
sac_profit_only,2021-09-08,13865.826343733514,-0.0012182425981892564,0.0,1.0,0.0,-0.0012189852589251802
sac_profit_only,2021-09-09,13806.477597709432,-0.004280217028024724,0.0,1.0,0.0,-0.004289403379351001
sac_profit_only,2021-09-10,13697.619636385512,-0.007884557125706015,0.0,1.0,0.0,-0.007915804602961502
sac_profit_only,2021-09-13,13732.675017425478,0.0025592316015876637,0.0,1.0,0.0,0.002555962345060828
sac_profit_only,2021-09-14,13658.566506095636,-0.005396509510041114,0.0,1.0,0.0,-0.005411123266716993
sac_profit_only,2021-09-15,13772.65157148575,0.008352638275707758,0.0,1.0,0.0,0.008317948028820436
sac_profit_only,2021-09-16,13750.81879301179,-0.0015852269521696716,0.0,1.0,0.0,-0.0015864847538577863
sac_profit_only,2021-09-17,13573.386293908894,-0.012903413372959749,0.0,1.0,0.0,-0.012987385545187127
sac_profit_only,2021-09-20,13347.061133791885,-0.016674185440266553,0.0,1.0,0.0,-0.016814764556054212
sac_profit_only,2021-09-21,13334.453208634024,-0.0009446218183523092,0.0,1.0,0.0,-0.0009450682547066522
sac_profit_only,2021-09-22,13464.528332584972,0.00975481498309394,0.0,1.0,0.0,0.009707543940329367
sac_profit_only,2021-09-23,13628.122613274927,0.012150019417616509,0.0,1.0,0.0,0.012076800409973613
sac_profit_only,2021-09-24,13650.571007595821,0.0016472110618543923,0.0,1.0,0.0,0.0016458558976701042
sac_profit_only,2021-09-27,13611.517877305949,-0.00286091550808687,0.0,1.0,0.0,-0.002865015749021611
sac_profit_only,2021-09-28,13337.220664628852,-0.02015184604315312,0.0,1.0,0.0,-0.020357664264720066
sac_profit_only,2021-09-29,13359.669058949748,0.001683138855191224,0.0,1.0,0.0,0.0016817239644042515
sac_profit_only,2021-09-30,13196.38258618326,-0.012222344134872332,0.0,1.0,0.0,-0.012297651231544384
sac_profit_only,2021-10-01,13353.210723189686,0.0118841762871158,0.0,1.0,0.0,0.01181411400616329
sac_profit_only,2021-10-04,13181.007205030568,-0.01289603839322806,0.0,1.0,0.0,-0.01297991418698259
sac_profit_only,2021-10-05,13318.155342149721,0.010404981575824479,0.0,1.0,0.0,0.010351222342687637
sac_profit_only,2021-10-06,13373.506338923897,0.004156055801436631,0.0,1.0,0.0,0.004147443256090675
sac_profit_only,2021-10-07,13489.129505492554,0.008645688246479821,0.0,1.0,0.0,0.008608528312384057
sac_profit_only,2021-10-08,13464.528332584972,-0.001823777649815339,0.0,1.0,0.0,-0.0018254427571049513
sac_profit_only,2021-10-11,13367.048941602628,-0.0072397182117726055,0.0,1.0,0.0,-0.007266052148832957
sac_profit_only,2021-10-12,13334.145400710555,-0.0024615411401440745,0.0,1.0,0.0,-0.002464575713377135
sac_profit_only,2021-10-13,13382.116514831852,0.003597614446197772,0.0,1.0,0.0,0.003591158510690694
sac_profit_only,2021-10-14,13607.212320132574,0.01682064306130049,0.0,1.0,0.0,0.016680742674928382
sac_profit_only,2021-10-15,13710.842238951513,0.007615808174435079,0.0,1.0,0.0,0.0075869543117504275
sac_profit_only,2021-10-18,13751.433470419932,0.0029605206420582064,0.0,1.0,0.0,0.002956146931003765
sac_profit_only,2021-10-19,13857.523975749022,0.007714868821297571,0.0,1.0,0.0,0.007685261401572473
sac_profit_only,2021-10-20,13911.952487191587,0.003927722696912994,0.0,1.0,0.0,0.003920029332475949
sac_profit_only,2021-10-21,13948.23816148663,0.0026082373648450563,0.0,1.0,0.0,0.0026048418167514496
sac_profit_only,2021-10-22,13933.785265665549,-0.001036180745822679,0.0,1.0,0.0,-0.0010367179522190301
sac_profit_only,2021-10-25,14008.509392842325,0.005362801690428354,0.0,1.0,0.0,0.005348473074299051
sac_profit_only,2021-10-26,14021.117318000186,0.0009000190387353779,0.0,1.0,0.0,0.0008996142644518357
sac_profit_only,2021-10-27,13959.001115981277,-0.004430189164679854,0.0,1.0,0.0,-0.004440031532488631
sac_profit_only,2021-10-28,14093.689605029067,0.00964886297584644,0.0,1.0,0.0,0.009602609985319628
sac_profit_only,2021-10-29,14122.287588747764,0.0020291339259019825,0.0,1.0,0.0,0.002027078014334198
sac_profit_only,2021-11-01,14146.58095373188,0.0017202145779464662,0.0,1.0,0.0,0.00171873670344748
sac_profit_only,2021-11-02,14203.776921169276,0.004043094767878008,0.0,1.0,0.0,0.004034943423944309
sac_profit_only,2021-11-03,14290.494296095769,0.006105233516956243,0.0,1.0,0.0,0.0060866720883999866
sac_profit_only,2021-11-04,14357.838540619665,0.004712520303954415,0.0,1.0,0.0,0.004701451142290312
sac_profit_only,2021-11-05,14407.654625404182,0.0034696089278050124,0.0,1.0,0.0,0.0034636037212191872
sac_profit_only,2021-11-08,14419.95474263858,0.0008537209944434743,0.0,1.0,0.0,0.0008533567819511243
sac_profit_only,2021-11-09,14372.29143644075,-0.003305371414023539,0.0,1.0,0.0,-0.0033108462216264803
sac_profit_only,2021-11-10,14256.66826987209,-0.008044866546158214,0.0,1.0,0.0,-0.00807740109324133
sac_profit_only,2021-11-11,14261.280696530139,0.0003235276693500655,0.0,1.0,0.0,0.00032347534555880655
sac_profit_only,2021-11-12,14368.908364598983,0.007546844519723317,0.0,1.0,0.0,0.0075185095590189445
sac_profit_only,2021-11-15,14373.8285991805,0.00034242229518555156,0.0,1.0,0.0,0.00034236368205134573
sac_profit_only,2021-11-16,14430.717697133217,0.003957824984497149,0.0,1.0,0.0,0.003950013399666602
sac_profit_only,2021-11-17,14395.66231609325,-0.002429219514628267,0.0,1.0,0.0,-0.0024321748554379046
sac_profit_only,2021-11-18,14444.555915546156,0.0033964119454403807,0.0,1.0,0.0,0.0033906571651105342
sac_profit_only,2021-11-19,14418.72538782229,-0.0017882535035962377,0.0,1.0,0.0,-0.0017898543376422005
sac_profit_only,2021-11-22,14378.134156353874,-0.0028151747381705006,0.0,1.0,0.0,-0.0028191447952606065
sac_profit_only,2021-11-23,14397.199478833005,0.0013259941986774049,0.0,1.0,0.0,0.0013251158447456824
sac_profit_only,2021-11-24,14435.637931714735,0.00266985624101701,0.0,1.0,0.0,0.0026662985058638765
sac_profit_only,2021-11-26,14113.677412839808,-0.022303172218498757,0.0,1.0,0.0,-0.02255564904823986
sac_profit_only,2021-11-29,14286.804354769329,0.012266607551340236,0.0,1.0,0.0,0.012191982366394495
sac_profit_only,2021-11-30,14008.817200765792,-0.019457616070086114,0.0,1.0,0.0,-0.01964940742643132
sac_profit_only,2021-12-01,13853.21841857565,-0.011107203410551714,0.0,1.0,0.0,-0.011169348998625553
sac_profit_only,2021-12-02,14065.398490795043,0.015316301657013032,0.0,1.0,0.0,0.015200191196353595
sac_profit_only,2021-12-03,13943.01105742044,-0.008701312903057756,0.0,1.0,0.0,-0.00873939036972244
sac_profit_only,2021-12-06,14108.142500850148,0.01184331295081531,0.0,1.0,0.0,0.011773729778026496
sac_profit_only,2021-12-07,14399.966934827833,0.020684823247291373,0.0,1.0,0.0,0.020473797351641076
sac_profit_only,2021-12-08,14438.097579786096,0.0026479675356780863,0.0,1.0,0.0,0.0026444678463242634
sac_profit_only,2021-12-09,14340.61818880375,-0.006751539837133391,0.0,1.0,0.0,-0.0067744345903001085
sac_profit_only,2021-12-10,14475.613547336216,0.009413496458462456,0.0,1.0,0.0,0.009369465607831392
sac_profit_only,2021-12-13,14347.38339404849,-0.008858357047762055,0.0,1.0,0.0,-0.008897825549487886
sac_profit_only,2021-12-14,14248.672771372274,-0.006880043556733995,0.0,1.0,0.0,-0.0069038201752757615
sac_profit_only,2021-12-15,14471.308928601635,0.015625045279773042,0.0,1.0,0.0,0.01550423111912541
sac_profit_only,2021-12-16,14343.69345272205,-0.008818516452742009,0.0,1.0,0.0,-0.008857629685864215
sac_profit_only,2021-12-17,14141.352911226895,-0.014106585738330568,0.0,1.0,0.0,-0.014207029348729174
sac_profit_only,2021-12-20,13990.982171541737,-0.010633405490204417,0.0,1.0,0.0,-0.010690344140578838
sac_profit_only,2021-12-21,14239.447918056176,0.017758992432985066,0.0,1.0,0.0,0.01760314396298361
sac_profit_only,2021-12-22,14381.824097680314,0.009998714868966196,0.0,1.0,0.0,0.00994905844539441
sac_profit_only,2021-12-23,14471.308928601637,0.006222077972414919,0.0,1.0,0.0,0.006202800766794267
sac_profit_only,2021-12-27,14676.109118168151,0.014152153794584565,0.0,1.0,0.0,0.014052946964016847
sac_profit_only,2021-12-28,14664.11587041843,-0.0008171953242616103,0.0,1.0,0.0,-0.0008175294103820851
sac_profit_only,2021-12-29,14682.874323412887,0.0012792079086265673,0.0,1.0,0.0,0.0012783904192747832
sac_profit_only,2021-12-30,14642.28309194447,-0.0027645289726202504,0.0,1.0,0.0,-0.0027683573402238052
sac_profit_only,2021-12-31,14605.381801802492,-0.0025201869073463445,0.0,1.0,0.0,-0.002523367923998611
sac_profit_only,2022-01-03,14689.9463981423,0.005789961364061735,0.0,1.0,0.0,0.0057732639583171685
sac_profit_only,2022-01-04,14685.026163560784,-0.00033493890638958135,0.0,1.0,0.0,-0.0003349950109531719
sac_profit_only,2022-01-05,14403.042198746132,-0.01920214248677088,0.0,1.0,0.0,-0.019388898230360302
sac_profit_only,2022-01-06,14389.511788256661,-0.0009394133755054046,0.0,1.0,0.0,-0.0009398549007886061
sac_profit_only,2022-01-07,14332.622690303939,-0.003953511334495063,0.0,1.0,0.0,-0.003961347119827037
sac_profit_only,2022-01-10,14314.787661079885,-0.001244366059822366,0.0,1.0,0.0,-0.0012451409261460564
sac_profit_only,2022-01-11,14445.1705929543,0.009108268663244656,0.0,1.0,0.0,0.009067038551736909
sac_profit_only,2022-01-12,14484.223723244173,0.002703542338843734,0.0,1.0,0.0,0.002699894341785254
sac_profit_only,2022-01-13,14284.651576182641,-0.013778587715492119,0.0,1.0,0.0,-0.013874393518961387
sac_profit_only,2022-01-14,14290.494296095767,0.0004090208208415991,0.0,1.0,0.0,0.0004089371946281227
sac_profit_only,2022-01-18,14037.41518448449,-0.017709612163689825,0.0,1.0,0.0,-0.017868303713834164
sac_profit_only,2022-01-19,13891.65687145738,-0.010383557878106742,0.0,1.0,0.0,-0.01043784312485474
sac_profit_only,2022-01-20,13737.903059930459,-0.011068068622025473,0.0,1.0,0.0,-0.011129775432800469
sac_profit_only,2022-01-21,13468.219212350203,-0.01963064132886827,0.0,1.0,0.0,-0.019825881722007412
sac_profit_only,2022-01-24,13525.415179787597,0.004246735706896265,0.0,1.0,0.0,0.004237743773401898
sac_profit_only,2022-01-25,13360.28373635789,-0.012208974085799573,0.0,1.0,0.0,-0.012284115838726838
sac_profit_only,2022-01-26,13326.765518057675,-0.0025087953939929575,0.0,1.0,0.0,-0.0025119476945792865
sac_profit_only,2022-01-27,13260.958436273533,-0.004937963506221665,0.0,1.0,0.0,-0.004950195532161598
sac_profit_only,2022-01-28,13590.299776240132,0.024835410015744408,0.0,1.0,0.0,0.024532024102334755
sac_profit_only,2022-01-31,13835.07558142813,0.018011067394991365,0.0,1.0,0.0,0.01785078977354817
sac_profit_only,2022-02-01,13928.55816159936,0.006756925874457753,0.0,1.0,0.0,0.006734200164012837
sac_profit_only,2022-02-02,14063.86132805529,0.009714082741812957,0.0,1.0,0.0,0.009667204382406593
sac_profit_only,2022-02-03,13733.290633272409,-0.02350497399483331,0.0,1.0,0.0,-0.023785622375082246
sac_profit_only,2022-02-04,13797.867421801475,0.004702207959730531,0.0,1.0,0.0,0.004691187114582218
sac_profit_only,2022-02-07,13753.586249006617,-0.0032092765817484104,0.0,1.0,0.0,-0.0032144373543599647
sac_profit_only,2022-02-08,13866.748829065124,0.008227859847585561,0.0,1.0,0.0,0.008194195539497481
sac_profit_only,2022-02-09,14069.704047968416,0.014636106949445393,0.0,1.0,0.0,0.014530032891025087
sac_profit_only,2022-02-10,13816.932744280606,-0.017965644680657644,0.0,1.0,0.0,-0.018128986189386964
sac_profit_only,2022-02-11,13544.480502266728,-0.019718721011120044,0.0,1.0,0.0,-0.019915729123292678
sac_profit_only,2022-02-14,13500.19932947187,-0.003269314964678527,0.0,1.0,0.0,-0.003274670851420668
sac_profit_only,2022-02-15,13717.915252119716,0.01612686726577106,0.0,1.0,0.0,0.015998210716834927
sac_profit_only,2022-02-16,13733.290633272407,0.0011208249118113134,0.0,1.0,0.0,0.0011201972565205234
sac_profit_only,2022-02-17,13439.92809811618,-0.02136141606480546,0.0,1.0,0.0,-0.02159287321665315
sac_profit_only,2022-02-18,13352.90385370501,-0.006475052825868022,0.0,1.0,0.0,-0.006496106913848236
sac_profit_only,2022-02-22,13209.605188749265,-0.010731648076383271,0.0,1.0,0.0,-0.010789647538041491
sac_profit_only,2022-02-23,12975.284530132443,-0.01773865723226875,0.0,1.0,0.0,-0.017897872870124194
sac_profit_only,2022-02-24,13170.551120020602,0.01504911814725074,0.0,1.0,0.0,0.014937003586184076
sac_profit_only,2022-02-25,13461.146199181998,0.02206400298007738,0.0,1.0,0.0,0.021824115045759783
sac_profit_only,2022-02-28,13426.705495550174,-0.0025585268239577408,0.0,1.0,0.0,-0.002561805447203176
sac_profit_only,2022-03-01,13222.213113907124,-0.015230272363598196,0.0,1.0,0.0,-0.015347444189968024
sac_profit_only,2022-03-02,13465.451756355369,0.018396212521518462,0.0,1.0,0.0,0.018229049206145667
sac_profit_only,2022-03-03,13398.41438131615,-0.004978472037343917,0.0,1.0,0.0,-0.004990905914229309
sac_profit_only,2022-03-04,13289.557358431019,-0.008124619808514866,0.0,1.0,0.0,-0.00815780439569187
sac_profit_only,2022-03-07,12897.792008522047,-0.02947918725527998,0.0,1.0,0.0,-0.029922431219486775
sac_profit_only,2022-03-08,12800.004809616232,-0.007581700715998729,0.0,1.0,0.0,-0.007610587910874405
sac_profit_only,2022-03-09,13143.183429556975,0.026810819608671155,0.0,1.0,0.0,0.026457707170737758
sac_profit_only,2022-03-10,13083.834683532894,-0.004515553354495161,0.0,1.0,0.0,-0.004525779260906256
sac_profit_only,2022-03-11,12917.472946848111,-0.012715059514942006,0.0,1.0,0.0,-0.012796587712040211
sac_profit_only,2022-03-14,12823.06788134527,-0.007308323066848366,0.0,1.0,0.0,-0.007335159693643303
sac_profit_only,2022-03-15,13105.052784598714,0.02199043987466287,0.0,1.0,0.0,0.021752137407685203
sac_profit_only,2022-03-16,13395.646925321322,0.02217420604853415,0.0,1.0,0.0,0.021931933271714867
sac_profit_only,2022-03-17,13563.238955261184,0.01251093216133281,0.0,1.0,0.0,0.012433317136645933
sac_profit_only,2022-03-18,13669.328522151483,0.00782184603841607,0.0,1.0,0.0,0.0077914139875613605
sac_profit_only,2022-03-21,13665.331711340366,-0.00029239262225944085,0.0,1.0,0.0,-0.00029243537731659535
sac_profit_only,2022-03-22,13825.23511226509,0.011701391836103525,0.0,1.0,0.0,0.011633459968707478
sac_profit_only,2022-03-23,13647.187935754055,-0.01287841943122403,0.0,1.0,0.0,-0.012962065201010014
sac_profit_only,2022-03-24,13852.910610652178,0.015074363734608909,0.0,1.0,0.0,0.014961874573180461
sac_profit_only,2022-03-25,13920.562663099541,0.004883598425542646,0.0,1.0,0.0,0.004871712340953125
sac_profit_only,2022-03-28,14019.580155260428,0.007113038068738531,0.0,1.0,0.0,0.007087859739227152
sac_profit_only,2022-03-29,14193.013966674627,0.012370827763278136,0.0,1.0,0.0,0.01229493434210343
sac_profit_only,2022-03-30,14105.375044855315,-0.006174792896356585,0.0,1.0,0.0,-0.006193935772894751
sac_profit_only,2022-03-31,13888.274738054402,-0.015391317572948648,0.0,1.0,0.0,-0.015510993469158343
sac_profit_only,2022-04-01,13927.635676267742,0.0028341128726010467,0.0,1.0,0.0,0.0028301043466709796
sac_profit_only,2022-04-04,14046.947845724051,0.008566577431344813,0.0,1.0,0.0,0.008530092526005388
sac_profit_only,2022-04-05,13869.516285059946,-0.01263132479829887,0.0,1.0,0.0,-0.012711778187951397
sac_profit_only,2022-04-06,13730.83004676225,-0.00999935653466788,0.0,1.0,0.0,-0.010049685888730729
sac_profit_only,2022-04-07,13800.019261949365,0.005038968143330047,0.0,1.0,0.0,0.005026315031306617
sac_profit_only,2022-04-08,13763.11891024618,-0.002673934796955657,0.0,1.0,0.0,-0.0026775161462257403
sac_profit_only,2022-04-11,13527.875766297746,-0.017092284494708787,0.0,1.0,0.0,-0.017240043704589474
sac_profit_only,2022-04-12,13477.751873589763,-0.003705230116974989,0.0,1.0,0.0,-0.0037121114853793627
sac_profit_only,2022-04-13,13632.120362524827,0.01145357848867623,0.0,1.0,0.0,0.011388482839123713
sac_profit_only,2022-04-14,13462.376492437072,-0.01245175846263702,0.0,1.0,0.0,-0.012529931210354815
sac_profit_only,2022-04-18,13467.911404426732,0.0004111392957082405,0.0,1.0,0.0,0.0004110548011065768
sac_profit_only,2022-04-19,13685.319519151108,0.01614267485104759,0.0,1.0,0.0,0.016013767300200717
sac_profit_only,2022-04-20,13675.171242064607,-0.0007415447679024467,0.0,1.0,0.0,-0.0007418198482218364
sac_profit_only,2022-04-21,13470.67886042156,-0.014953551807383003,0.0,1.0,0.0,-0.015066483396335524
sac_profit_only,2022-04-22,13101.055035348805,-0.027439138658316153,0.0,1.0,0.0,-0.02782262309124242
sac_profit_only,2022-04-25,13177.009455780657,0.005797580441186945,0.0,1.0,0.0,0.0057808391465373225
sac_profit_only,2022-04-26,12795.392382958184,-0.028960825603343565,0.0,1.0,0.0,-0.029388467120838667
sac_profit_only,2022-04-27,12831.370249329759,0.002811782968023202,0.0,1.0,0.0,0.0028078373008030367
sac_profit_only,2022-04-28,13155.483546791369,0.02525944549675363,0.0,1.0,0.0,0.024945698119335478
sac_profit_only,2022-04-29,12669.314069818345,-0.03695565238965315,0.0,1.0,0.0,-0.037655816727894316
sac_profit_only,2022-05-02,12745.576298173663,0.0060194441415730715,0.0,1.0,0.0,0.006001399663298588
sac_profit_only,2022-05-03,12804.002558866134,0.00458404228460374,0.0,1.0,0.0,0.004573567561620413
sac_profit_only,2022-05-04,13193.921999673095,0.030452933683378758,0.0,1.0,0.0,0.029998447023786144
sac_profit_only,2022-05-05,12724.972874515985,-0.03554281472701826,0.0,1.0,0.0,-0.03618983821471714
sac_profit_only,2022-05-06,12649.018454084135,-0.0059689259207744705,0.0,1.0,0.0,-0.005986811165077935
sac_profit_only,2022-05-09,12244.031440047946,-0.03201726802014637,0.0,1.0,0.0,-0.03254103072846203
sac_profit_only,2022-05-10,12272.321615843175,0.0023105278627999493,0.0,1.0,0.0,0.0023078626978000794
sac_profit_only,2022-05-11,12077.361895439693,-0.015886131940332726,0.0,1.0,0.0,-0.01601366905204431
sac_profit_only,2022-05-12,12064.753970281832,-0.0010439303936583544,0.0,1.0,0.0,-0.001044475668510782
sac_profit_only,2022-05-13,12353.196270856542,0.02390784770955201,0.0,1.0,0.0,0.02362653009661004
sac_profit_only,2022-05-16,12303.07237814856,-0.004057564666582247,0.0,1.0,0.0,-0.004065818917765487
sac_profit_only,2022-05-17,12556.151489759837,0.020570399314302268,0.0,1.0,0.0,0.020361686007753992
sac_profit_only,2022-05-18,12049.99326653728,-0.04031157346543279,0.0,1.0,0.0,-0.041146602893011884
sac_profit_only,2022-05-19,11976.191624692116,-0.006124621002910446,0.0,1.0,0.0,-0.0061434534278095535
sac_profit_only,2022-05-20,11981.419667197099,0.0004365363104414932,0.0,1.0,0.0,0.00043644105618661204
sac_profit_only,2022-05-23,12205.59298716621,0.01871007995678986,0.0,1.0,0.0,0.018537199486682282
sac_profit_only,2022-05-24,12112.418214918447,-0.007633776773134482,0.0,1.0,0.0,-0.007663063186207389
sac_profit_only,2022-05-25,12219.430267140357,0.008834904007038569,0.0,1.0,0.0,0.008796104601187101
sac_profit_only,2022-05-26,12463.59139492021,0.01998138394687965,0.0,1.0,0.0,0.01978437609715666
sac_profit_only,2022-05-27,12769.561855234298,0.02454914082298898,0.0,1.0,0.0,0.0242526532107174
sac_profit_only,2022-05-31,12697.912053537031,-0.005610983564631633,0.0,1.0,0.0,-0.0056267842656146936
sac_profit_only,2022-06-01,12595.2046200497,-0.00808852928373538,0.0,1.0,0.0,-0.008121418909250163
sac_profit_only,2022-06-02,12835.061129094973,0.019043478552421167,0.0,1.0,0.0,0.018864421193364102
sac_profit_only,2022-06-03,12624.418219615332,-0.016411523666384986,0.0,1.0,0.0,-0.01654768451432691
sac_profit_only,2022-06-06,12662.856672497062,0.003044770239154948,0.0,1.0,0.0,0.003040144313791592
sac_profit_only,2022-06-07,12784.321620540055,0.009592223238758413,0.0,1.0,0.0,0.009546509960919805
sac_profit_only,2022-06-08,12645.328512757684,-0.010872153557139552,0.0,1.0,0.0,-0.010931687318656236
sac_profit_only,2022-06-09,12344.58609494858,-0.023782886898168765,0.0,1.0,0.0,-0.024070265359212983
sac_profit_only,2022-06-10,11986.646771263288,-0.028995652096570623,0.0,1.0,0.0,-0.02942433294241361
sac_profit_only,2022-06-13,11531.535864519114,-0.037968158687653464,0.0,1.0,0.0,-0.03870772978690963
sac_profit_only,2022-06-14,11496.787352963824,-0.003013346354166613,0.0,1.0,0.0,-0.003017895623606632
sac_profit_only,2022-06-15,11660.689441577248,0.014256338190961726,0.0,1.0,0.0,0.01415567222560042
sac_profit_only,2022-06-16,11274.766811581398,-0.03309603878307643,0.0,1.0,0.0,-0.033656104679304556
sac_profit_only,2022-06-17,11250.473446597283,-0.0021546667341412196,0.0,1.0,0.0,-0.0021569913683170423
sac_profit_only,2022-06-21,11533.688643105805,0.025173624723693777,0.0,1.0,0.0,0.024861988219845085
sac_profit_only,2022-06-22,11512.778349963452,-0.0018129753446094465,0.0,1.0,0.0,-0.001814620773458237
sac_profit_only,2022-06-23,11625.633122098488,0.0098025662185528,0.0,1.0,0.0,0.009754832753127888
sac_profit_only,2022-06-24,11995.256947171241,0.03179386629448655,0.0,1.0,0.0,0.03129890514558157
sac_profit_only,2022-06-27,11949.438611636631,-0.0038197043828573918,0.0,1.0,0.0,-0.003827018083700704
sac_profit_only,2022-06-28,11705.277483856777,-0.02043285343481205,0.0,1.0,0.0,-0.02064449206841294
sac_profit_only,2022-06-29,11695.744822617211,-0.000814390026440015,0.0,1.0,0.0,-0.0008147218221505732
sac_profit_only,2022-06-30,11600.725079706228,-0.008124300277758678,0.0,1.0,0.0,-0.008157482247656842
sac_profit_only,2022-07-01,11723.420321004298,0.010576514869118592,0.0,1.0,0.0,0.010520974806040478
sac_profit_only,2022-07-05,11745.560907401725,0.00188857737683934,0.0,1.0,0.0,0.0018867962567546738
sac_profit_only,2022-07-06,11785.229653538532,0.0033773394433473936,0.0,1.0,0.0,0.003371649041169943
sac_profit_only,2022-07-07,11961.738728871027,0.014977143468688947,0.0,1.0,0.0,0.014866093490139646
sac_profit_only,2022-07-08,11951.899198146784,-0.0008225836516971841,0.0,1.0,0.0,-0.0008229221592758011
sac_profit_only,2022-07-11,11815.365738435776,-0.0114235785834087,0.0,1.0,0.0,-0.011489328872573118
sac_profit_only,2022-07-12,11710.812395846437,-0.008848929851508869,0.0,1.0,0.0,-0.008888314142629599
sac_profit_only,2022-07-13,11649.310871235668,-0.005251687289652196,0.0,1.0,0.0,-0.0052655258712118085
sac_profit_only,2022-07-14,11621.020695440437,-0.0024284849213771498,0.0,1.0,0.0,-0.0024314384736241856
sac_profit_only,2022-07-15,11843.041236822863,0.019105080973613298,0.0,1.0,0.0,0.018924870585949317
sac_profit_only,2022-07-18,11745.254037917053,-0.00825693307575126,0.0,1.0,0.0,-0.008291210361567027
sac_profit_only,2022-07-19,12062.601191695137,0.027019181769385003,0.0,1.0,0.0,0.026660608249491968
sac_profit_only,2022-07-20,12139.478097458597,0.006373161521445958,0.0,1.0,0.0,0.0063529388038422304
sac_profit_only,2022-07-21,12263.09676252707,0.010183194374258298,0.0,1.0,0.0,0.01013169497427413
sac_profit_only,2022-07-22,12149.318566621632,-0.009278096561474936,0.0,1.0,0.0,-0.009321406194838677
sac_profit_only,2022-07-25,12164.079270366185,0.001214940876199,0.0,1.0,0.0,0.0012142034327723445
sac_profit_only,2022-07-26,12020.165928002294,-0.011831009907547041,0.0,1.0,0.0,-0.01190155325669028
sac_profit_only,2022-07-27,12332.285977714186,0.025966367817333857,0.0,1.0,0.0,0.025634966306172267
sac_profit_only,2022-07-28,12486.96227457272,0.0125423864754719,0.0,1.0,0.0,0.012464382307969712
sac_profit_only,2022-07-29,12669.006261894869,0.014578724858715031,0.0,1.0,0.0,0.014473476936627172
sac_profit_only,2022-08-01,12631.490294344749,-0.002961239956361772,0.0,1.0,0.0,-0.002965633102317808
sac_profit_only,2022-08-02,12548.155991260019,-0.006597345296781021,0.0,1.0,0.0,-0.006619203971790231
sac_profit_only,2022-08-03,12744.653812842047,0.01565949783529086,0.0,1.0,0.0,0.015538153058459705
sac_profit_only,2022-08-04,12736.04363693409,-0.0006755911956809468,0.0,1.0,0.0,-0.0006758195102501209
sac_profit_only,2022-08-05,12714.517727944803,-0.001690156661120601,0.0,1.0,0.0,-0.0016915865873168262
sac_profit_only,2022-08-08,12699.757024200255,-0.0011609330420851993,0.0,1.0,0.0,-0.0011616074468590203
sac_profit_only,2022-08-09,12649.326262007597,-0.003971002129927292,0.0,1.0,0.0,-0.003978907493970385
sac_profit_only,2022-08-10,12915.012360337947,0.021003972292843898,0.0,1.0,0.0,0.020786429765404738
sac_profit_only,2022-08-11,12915.012360337947,0.0,0.0,1.0,0.0,0.0
sac_profit_only,2022-08-12,13133.6507683174,0.016929012677594724,0.0,1.0,0.0,0.01678731391991028
sac_profit_only,2022-08-15,13187.7714718365,0.004120766150540245,0.0,1.0,0.0,0.0041122990463738915
sac_profit_only,2022-08-16,13213.60293799916,0.0019587438421893033,0.0,1.0,0.0,0.0019568280048181492
sac_profit_only,2022-08-17,13119.812549904462,-0.0070980177423811686,0.0,1.0,0.0,-0.007123328512293423
sac_profit_only,2022-08-18,13157.944133301517,0.002906412210693654,0.0,1.0,0.0,0.0029021967606395493
sac_profit_only,2022-08-19,12981.127250045558,-0.013438032679318979,0.0,1.0,0.0,-0.01352914016466342
sac_profit_only,2022-08-22,12710.827786618369,-0.020822495475209202,0.0,1.0,0.0,-0.021042340808237015
sac_profit_only,2022-08-23,12680.077024312985,-0.0024192572522898637,0.0,1.0,0.0,-0.0024221883835108577
sac_profit_only,2022-08-24,12720.6682557814,0.003201181774415529,0.0,1.0,0.0,0.0031960689006255184
sac_profit_only,2022-08-25,12900.25259503219,0.014117523988503633,0.0,1.0,0.0,0.014018799822279613
sac_profit_only,2022-08-26,12463.591394920217,-0.033849042636585946,0.0,1.0,0.0,-0.03443518641605107
sac_profit_only,2022-08-29,12381.179577167097,-0.006612204712255654,0.0,1.0,0.0,-0.006634162182883885
sac_profit_only,2022-08-30,12245.260794864229,-0.010977854044983304,0.0,1.0,0.0,-0.011038555340141525
sac_profit_only,2022-08-31,12152.086022616468,-0.007609047598793439,0.0,1.0,0.0,-0.00763814409318585
sac_profit_only,2022-09-01,12190.21760601352,0.0031378631887633013,0.0,1.0,0.0,0.003132950370552341
sac_profit_only,2022-09-02,12061.678706363533,-0.010544430280438832,0.0,1.0,0.0,-0.01060041669643158
sac_profit_only,2022-09-06,12016.16817875239,-0.003773150381391921,0.0,1.0,0.0,-0.0037802866698074516
sac_profit_only,2022-09-07,12232.038192298225,0.017964962734754897,0.0,1.0,0.0,0.017805499790206458
sac_profit_only,2022-09-08,12311.990361979984,0.006536291697658347,0.0,1.0,0.0,0.006515022772704955
sac_profit_only,2022-09-09,12503.260141057028,0.01553524437995768,0.0,1.0,0.0,0.015415807866336319
sac_profit_only,2022-09-12,12637.64082218135,0.010747651381183054,0.0,1.0,0.0,0.01069030589635327
sac_profit_only,2022-09-13,12088.12484993434,-0.043482480629019826,0.0,1.0,0.0,-0.04445617414726737
sac_profit_only,2022-09-14,12134.250993392418,0.003815822886568565,0.0,1.0,0.0,0.0038085611016787993
sac_profit_only,2022-09-15,11996.48724042633,-0.011353296799374357,0.0,1.0,0.0,-0.011418237468483304
sac_profit_only,2022-09-16,11856.26383938888,-0.011688705054002768,0.0,1.0,0.0,-0.011757555003970648
sac_profit_only,2022-09-19,11948.208318381567,0.007754928554071894,0.0,1.0,0.0,0.00772501365470151
sac_profit_only,2022-09-20,11811.060181262412,-0.011478552554876509,0.0,1.0,0.0,-0.011544939646675693
sac_profit_only,2022-09-21,11605.030636879612,-0.017443780763191308,0.0,1.0,0.0,-0.017597716278495924
sac_profit_only,2022-09-22,11507.550307458476,-0.008399833871300055,0.0,1.0,0.0,-0.008435311285113283
sac_profit_only,2022-09-23,11314.743365641683,-0.016754820675589532,0.0,1.0,0.0,-0.016896770479683652
sac_profit_only,2022-09-26,11202.810140399462,-0.009892687940419087,0.0,1.0,0.0,-0.009941945708146788
sac_profit_only,2022-09-27,11174.212156680765,-0.0025527509044867003,0.0,1.0,0.0,-0.0025560147287469804
sac_profit_only,2022-09-28,11394.079919476506,0.019676354781243965,0.0,1.0,0.0,0.019485277712052225
sac_profit_only,2022-09-29,11156.069319533244,-0.020888970555351105,0.0,1.0,0.0,-0.0211102318049051
sac_profit_only,2022-09-30,10983.557055011866,-0.015463534653672784,0.0,1.0,0.0,-0.015584342130975551
sac_profit_only,2022-10-03,11273.536518326331,0.02640123430525132,0.0,1.0,0.0,0.026058736876293866
sac_profit_only,2022-10-04,11622.86566610367,0.030986651545366062,0.0,1.0,0.0,0.03051625785631023
sac_profit_only,2022-10-05,11595.804845124725,-0.0023282400189708063,0.0,1.0,0.0,-0.0023309545840216068
sac_profit_only,2022-10-06,11476.184867744952,-0.010315797736977661,0.0,1.0,0.0,-0.010369374353980764
sac_profit_only,2022-10-07,11156.069319533244,-0.027893899575583414,0.0,1.0,0.0,-0.028290323663626226
sac_profit_only,2022-10-10,11070.889107346502,-0.007635324749874051,0.0,1.0,0.0,-0.007664623071974026
sac_profit_only,2022-10-11,11000.777406827776,-0.006332978303630665,0.0,1.0,0.0,-0.006353116679683609
sac_profit_only,2022-10-12,10964.491732532731,-0.0032984645496529907,0.0,1.0,0.0,-0.0033039164758035624
sac_profit_only,2022-10-13,11253.856518439054,0.026391080677980572,0.0,1.0,0.0,0.02604884437309545
sac_profit_only,2022-10-14,10997.395273424803,-0.022788743093893893,0.0,1.0,0.0,-0.023052420113011996
sac_profit_only,2022-10-17,11279.994854086392,0.02569695583685072,0.0,1.0,0.0,0.02537233843840709
sac_profit_only,2022-10-18,11412.530564547493,0.011749625081884485,0.0,1.0,0.0,0.011681134209780595
sac_profit_only,2022-10-19,11331.655909534125,-0.007086478722309053,0.0,1.0,0.0,-0.007111707070068097
sac_profit_only,2022-10-20,11236.636166623142,-0.008385336059404724,0.0,1.0,0.0,-0.008420690769296463
sac_profit_only,2022-10-21,11509.703086045163,0.02430148270112431,0.0,1.0,0.0,0.024010899985540957
sac_profit_only,2022-10-24,11650.541164490756,0.012236464954195947,0.0,1.0,0.0,0.01216220459272166
sac_profit_only,2022-10-25,11836.583839501605,0.015968586556123432,0.0,1.0,0.0,0.015842429934322933
sac_profit_only,2022-10-26,11747.405878064958,-0.007534096209333541,0.0,1.0,0.0,-0.007562620874207404
sac_profit_only,2022-10-27,11684.674998637904,-0.00533997718970336,0.0,1.0,0.0,-0.0053542858291678735
sac_profit_only,2022-10-28,11962.66121420265,0.023790667313994707,0.0,1.0,0.0,0.02351207926820392
sac_profit_only,2022-10-31,11876.251647199622,-0.007223272936998093,0.0,1.0,0.0,-0.007249487083864056
sac_profit_only,2022-11-01,11824.28278382842,-0.004375864112264538,0.0,1.0,0.0,-0.0043854662275687375
sac_profit_only,2022-11-02,11527.538115269219,-0.025096208707478307,0.0,1.0,0.0,-0.025416488450460573
sac_profit_only,2022-11-03,11408.840623221056,-0.010296863984421534,0.0,1.0,0.0,-0.0103502434318105
sac_profit_only,2022-11-04,11573.049581319152,0.014393132792465568,0.0,1.0,0.0,0.01429053495439394
sac_profit_only,2022-11-07,11683.752513306295,0.009565580032236065,0.0,1.0,0.0,0.009520119545588492
sac_profit_only,2022-11-08,11746.791200656815,0.00539541446797398,0.0,1.0,0.0,0.005380911362787851
sac_profit_only,2022-11-09,11504.782851463648,-0.02060208145860598,0.0,1.0,0.0,-0.020817264954697857
sac_profit_only,2022-11-10,12137.01844938725,0.054954153075837286,0.0,1.0,0.0,0.05349730918360149
sac_profit_only,2022-11-11,12254.486586619125,0.009678500343534235,0.0,1.0,0.0,0.009631963688169676
sac_profit_only,2022-11-14,12150.241051953253,-0.00850672396016161,0.0,1.0,0.0,-0.008543112649075422
sac_profit_only,2022-11-15,12253.870970772192,0.008529042212070292,0.0,1.0,0.0,0.008492875431373566
sac_profit_only,2022-11-16,12160.389329039755,-0.007628743762310486,0.0,1.0,0.0,-0.007657991471810819
sac_profit_only,2022-11-17,12123.180230974309,-0.0030598607543418366,0.0,1.0,0.0,-0.003064551699797081
sac_profit_only,2022-11-18,12178.224358263808,0.004540403280391958,0.0,1.0,0.0,0.004530126744089201
sac_profit_only,2022-11-21,12133.94318546895,-0.0036360943510462818,0.0,1.0,0.0,-0.0036427210104271073
sac_profit_only,2022-11-22,12297.229658235437,0.01345699994392846,0.0,1.0,0.0,0.013367258722167092
sac_profit_only,2022-11-23,12374.722179845834,0.006301624330362854,0.0,1.0,0.0,0.006281852116995351
sac_profit_only,2022-11-25,12371.953785412214,-0.0002237136634977155,0.0,1.0,0.0,-0.0002237386911320854
sac_profit_only,2022-11-28,12174.53441693737,-0.015957008238070003,0.0,1.0,0.0,-0.016085692069329978
sac_profit_only,2022-11-29,12153.624123795018,-0.0017175435565947028,0.0,1.0,0.0,-0.0017190202256002212
sac_profit_only,2022-11-30,12536.47055143378,0.03150059798946758,0.0,1.0,0.0,0.031014633257035917
sac_profit_only,2022-12-01,12527.24569811768,-0.0007358413421267862,0.0,1.0,0.0,-0.0007361122062506757
sac_profit_only,2022-12-02,12512.792802296599,-0.0011537169597666264,0.0,1.0,0.0,-0.0011543830035115122
sac_profit_only,2022-12-05,12287.696996995875,-0.017989253786685366,0.0,1.0,0.0,-0.01815302749679934
sac_profit_only,2022-12-06,12110.57230581645,-0.014414799715742443,0.0,1.0,0.0,-0.014519702260977721
sac_profit_only,2022-12-07,12089.969820597564,-0.0017011983165312605,0.0,1.0,0.0,-0.0017026469976163603
sac_profit_only,2022-12-08,12184.68175558508,0.007833926502128774,0.0,1.0,0.0,0.007803400621268784
sac_profit_only,2022-12-09,12093.659761924004,-0.007470198687737906,0.0,1.0,0.0,-0.007498240360482925
sac_profit_only,2022-12-12,12268.016997108602,0.014417243300787197,0.0,1.0,0.0,0.014314303078420583
sac_profit_only,2022-12-13,12360.883961432895,0.007569843141412402,0.0,1.0,0.0,0.007541335653240592
sac_profit_only,2022-12-14,12281.854277082748,-0.006393530155021865,0.0,1.0,0.0,-0.006414056305424778
sac_profit_only,2022-12-15,11981.419667197108,-0.024461665405543398,0.0,1.0,0.0,-0.024765822310819672
sac_profit_only,2022-12-16,11785.844330946691,-0.01632321892420352,0.0,1.0,0.0,-0.016457910405921157
sac_profit_only,2022-12-19,11685.904353454192,-0.008479662100243535,0.0,1.0,0.0,-0.008515818978745046
sac_profit_only,2022-12-20,11701.895350453819,0.001368400469142994,0.0,1.0,0.0,0.0013674650624644056
sac_profit_only,2022-12-21,11876.867263046559,0.014952442091866303,0.0,1.0,0.0,0.014841756314111894
sac_profit_only,2022-12-22,11707.430262443479,-0.014266135745262032,0.0,1.0,0.0,-0.014368875361936895
sac_profit_only,2022-12-23,11774.774506967375,0.005752265272075174,0.0,1.0,0.0,0.005735784166452185
sac_profit_only,2022-12-27,11728.34055558583,-0.003943510880320411,0.0,1.0,0.0,-0.003951307022215362
sac_profit_only,2022-12-28,11582.582242558721,-0.01242787181496774,0.0,1.0,0.0,-0.012505743674206015
sac_profit_only,2022-12-29,11791.072373451676,0.018000315173837933,0.0,1.0,0.0,0.017840227729302653
sac_profit_only,2022-12-30,11760.013803222824,-0.002634075107433187,0.0,1.0,0.0,-0.0026375503873760594
